Open,High,Low,Close,Volume,Dividends,Stock Splits,Date,Time,MA_10,Predicted_Close
229.72999572753903,230.1300048828125,229.66900634765625,229.9698944091797,321148,0.0,0.0,2024-11-22,09:39:00,229.1482391357422,230.0090250999799
229.9654998779297,230.0800018310547,229.8500061035156,230.02999877929688,169113,0.0,0.0,2024-11-22,09:40:00,229.27813873291015,229.9620926667056
230.00999450683597,230.0449981689453,229.80999755859372,229.8699951171875,150008,0.0,0.0,2024-11-22,09:41:00,229.3891387939453,229.8754279582709
229.8800048828125,230.03759765625,229.8300018310547,229.8699951171875,190331,0.0,0.0,2024-11-22,09:42:00,229.47603759765624,229.96603686945136
229.8699951171875,230.03640747070312,229.8500061035156,229.9499969482422,138975,0.0,0.0,2024-11-22,09:43:00,229.57403717041015,229.98769943699807
229.97000122070312,230.0449981689453,229.88999938964844,229.9850006103516,159913,0.0,0.0,2024-11-22,09:44:00,229.6945373535156,229.96488261039158
229.9900054931641,230.0800018310547,229.7400054931641,229.74009704589844,159544,0.0,0.0,2024-11-22,09:45:00,229.76754760742188,229.86692303472057
229.74200439453125,229.8600006103516,229.6100006103516,229.74749755859372,96089,0.0,0.0,2024-11-22,09:46:00,229.83324737548827,229.73672006652177
229.81399536132807,229.9600067138672,229.81399536132807,229.9250030517578,222889,0.0,0.0,2024-11-22,09:48:00,229.88174743652343,229.93350148611992
229.9250030517578,229.9900054931641,229.69000244140625,229.80999755859372,100755,0.0,0.0,2024-11-22,09:49:00,229.8897476196289,229.7944941867271
229.80999755859372,229.8800048828125,229.55999755859372,229.5800018310547,92363,0.0,0.0,2024-11-22,09:50:00,229.85075836181642,229.67296882089695
229.6100006103516,229.6999969482422,229.47000122070312,229.63499450683597,115281,0.0,0.0,2024-11-22,09:51:00,229.8112579345703,229.57622811233162
229.66000366210935,229.75,229.5,229.53970336914065,74893,0.0,0.0,2024-11-22,09:52:00,229.77822875976562,229.61001221617914
229.52999877929688,229.6100006103516,229.47999572753903,229.4900054931641,61435,0.0,0.0,2024-11-22,09:53:00,229.74022979736327,229.55744476094532
229.4949951171875,229.6000061035156,229.4600067138672,229.5500030517578,61113,0.0,0.0,2024-11-22,09:54:00,229.70023040771486,229.55496509260627
229.55999755859372,229.72999572753903,229.47000122070312,229.6546936035156,72529,0.0,0.0,2024-11-22,09:55:00,229.66719970703124,229.6310301185466
229.6499938964844,229.7400054931641,229.5749969482422,229.6699981689453,65472,0.0,0.0,2024-11-22,09:56:00,229.66018981933593,229.66450427915655
229.6699981689453,229.7250061035156,229.5800018310547,229.6300048828125,51487,0.0,0.0,2024-11-22,09:57:00,229.6484405517578,229.6432855078189
229.625,229.8800048828125,229.625,229.75999450683597,114205,0.0,0.0,2024-11-22,09:58:00,229.63193969726564,229.83559941950207
229.75999450683597,229.9698944091797,229.72999572753903,229.88999938964844,111049,0.0,0.0,2024-11-22,09:59:00,229.6399398803711,229.90829954378867
229.9499969482422,229.9499969482422,229.5800018310547,229.6501007080078,96567,0.0,0.0,2024-11-22,10:00:00,229.6469497680664,229.658271828486
229.6499938964844,229.7700042724609,229.6499938964844,229.75999450683597,58832,0.0,0.0,2024-11-22,10:01:00,229.6594497680664,229.74747516687088
229.7700042724609,229.7700042724609,229.69000244140625,229.6999969482422,60658,0.0,0.0,2024-11-22,10:02:00,229.67547912597655,229.7040633821406
229.714599609375,229.7250061035156,229.3600006103516,229.6300048828125,101475,0.0,0.0,2024-11-22,10:03:00,229.6894790649414,229.44637228781443
229.6499938964844,229.66000366210935,229.4499969482422,229.4671936035156,50631,0.0,0.0,2024-11-22,10:04:00,229.6811981201172,229.50128567285574
229.48919677734372,229.50999450683597,229.33999633789065,229.4225006103516,80545,0.0,0.0,2024-11-22,10:05:00,229.6579788208008,229.39012549219382
229.44000244140625,229.6000061035156,229.38999938964844,229.55999755859372,73802,0.0,0.0,2024-11-22,10:06:00,229.64697875976563,229.53455378793535
229.57249450683597,229.57249450683597,229.38999938964844,229.4600067138672,38207,0.0,0.0,2024-11-22,10:07:00,229.6299789428711,229.429218641161
229.435302734375,229.6699981689453,229.42999267578125,229.5375061035156,83632,0.0,0.0,2024-11-22,10:08:00,229.60773010253905,229.62659056799828
229.50999450683597,229.5538024902344,229.2899932861328,229.30999755859372,89424,0.0,0.0,2024-11-22,10:09:00,229.5497299194336,229.37434403461182
229.30499267578125,229.5,229.14010620117188,229.3999938964844,162616,0.0,0.0,2024-11-22,10:10:00,229.52471923828125,229.34044115312858
229.4199981689453,229.44000244140625,229.2700042724609,229.27999877929688,39041,0.0,0.0,2024-11-22,10:11:00,229.47671966552736,229.31865889864247
229.2700042724609,229.52999877929688,229.25999450683597,229.47999572753903,92402,0.0,0.0,2024-11-22,10:12:00,229.45471954345703,229.47911836449387
229.47999572753903,229.5897979736328,229.3300018310547,229.4900054931641,89564,0.0,0.0,2024-11-22,10:13:00,229.4407196044922,229.45289846651443
229.4949951171875,229.4949951171875,229.32000732421875,229.4199981689453,57641,0.0,0.0,2024-11-22,10:14:00,229.43600006103514,229.35639440408366
229.44000244140625,229.4499969482422,229.30999755859372,229.38999938964844,49817,0.0,0.0,2024-11-22,10:15:00,229.43274993896483,229.3450199354344
229.3999938964844,229.3999938964844,229.25999450683597,229.3600006103516,73920,0.0,0.0,2024-11-22,10:16:00,229.41275024414062,229.28911973441598
229.35499572753903,229.5,229.27999877929688,229.42999267578125,62020,0.0,0.0,2024-11-22,10:17:00,229.40974884033204,229.41628759478394
229.4199981689453,229.63999938964844,229.4199981689453,229.47999572753903,68588,0.0,0.0,2024-11-22,10:18:00,229.40399780273438,229.60123878322023
229.48959350585935,229.48959350585935,229.30999755859372,229.3500061035156,42016,0.0,0.0,2024-11-22,10:19:00,229.40799865722656,229.34724410592182
229.33999633789065,229.5200042724609,229.33999633789065,229.43089294433597,68640,0.0,0.0,2024-11-22,10:20:00,229.4110885620117,229.4886168869743
229.42999267578125,229.42999267578125,229.2700042724609,229.2700042724609,46642,0.0,0.0,2024-11-22,10:21:00,229.41008911132812,229.3034033510942
229.2700042724609,229.33030700683597,229.00999450683597,229.0498962402344,77706,0.0,0.0,2024-11-22,10:22:00,229.36707916259766,229.11810611446774
229.04710388183597,229.26499938964844,229.04710388183597,229.22000122070312,72519,0.0,0.0,2024-11-22,10:23:00,229.34007873535157,229.22989271108978
229.22999572753903,229.3500061035156,229.1898956298828,229.22999572753903,67944,0.0,0.0,2024-11-22,10:24:00,229.32107849121093,229.2976739775497
229.22999572753903,229.33999633789065,229.1499938964844,229.33999633789065,41483,0.0,0.0,2024-11-22,10:25:00,229.31607818603516,229.25850828284405
229.33999633789065,229.4600067138672,229.3000030517578,229.4250030517578,71509,0.0,0.0,2024-11-22,10:26:00,229.32257843017578,229.40660231796346
229.4250030517578,229.47000122070312,229.3500061035156,229.40499877929688,33136,0.0,0.0,2024-11-22,10:27:00,229.32007904052733,229.4008522349862
229.3999938964844,229.3999938964844,229.0500946044922,229.1300048828125,69181,0.0,0.0,2024-11-22,10:28:00,229.2850799560547,229.1260650520556
229.1300048828125,229.32000732421875,229.1300048828125,229.27999877929688,59008,0.0,0.0,2024-11-22,10:29:00,229.2780792236328,229.28793584969446
229.27999877929688,229.47000122070312,229.18499755859372,229.47000122070312,77571,0.0,0.0,2024-11-22,10:30:00,229.28199005126953,229.363120549518
229.47000122070312,229.4900054931641,229.3300018310547,229.4149932861328,77077,0.0,0.0,2024-11-22,10:31:00,229.2964889526367,229.37401413499558
229.42999267578125,229.42999267578125,229.2400054931641,229.3300018310547,44220,0.0,0.0,2024-11-22,10:32:00,229.32449951171876,229.2794404881312
229.3300018310547,229.33990478515625,229.1100006103516,229.16000366210935,67202,0.0,0.0,2024-11-22,10:33:00,229.31849975585936,229.16558452161902
229.15499877929688,229.2100067138672,229.1499938964844,229.1499938964844,37870,0.0,0.0,2024-11-22,10:34:00,229.3104995727539,229.19595449153115
229.1499938964844,229.2899932861328,229.1499938964844,229.16000366210935,62622,0.0,0.0,2024-11-22,10:35:00,229.2925003051758,229.26591970392255
229.1499938964844,229.21170043945312,229.07000732421875,229.14100646972656,40132,0.0,0.0,2024-11-22,10:36:00,229.26410064697265,229.13835914031495
229.1499938964844,229.27999877929688,229.13999938964844,229.25,48384,0.0,0.0,2024-11-22,10:37:00,229.24860076904298,229.24942259400453
229.2400054931641,229.4199981689453,229.22000122070312,229.41000366210935,102169,0.0,0.0,2024-11-22,10:38:00,229.27660064697267,229.3728834452599
229.41000366210935,229.6300048828125,229.35499572753903,229.5399932861328,100628,0.0,0.0,2024-11-22,10:39:00,229.30260009765624,229.54790542426986
229.52999877929688,229.77999877929688,229.52999877929688,229.7534027099609,90558,0.0,0.0,2024-11-22,10:40:00,229.33094024658203,229.73448254788366
229.75999450683597,229.78990173339844,229.67999267578125,229.7400054931641,49723,0.0,0.0,2024-11-22,10:41:00,229.36344146728516,229.71618799540647
229.7449951171875,229.92999267578125,229.72999572753903,229.875,92068,0.0,0.0,2024-11-22,10:42:00,229.41794128417968,229.88198489646942
229.8699951171875,229.889892578125,229.7700042724609,229.8000030517578,53209,0.0,0.0,2024-11-22,10:43:00,229.48194122314453,229.80238072390594
229.80999755859372,229.83999633789065,229.72999572753903,229.8000030517578,56534,0.0,0.0,2024-11-22,10:44:00,229.54694213867188,229.7675318360798
229.8000030517578,229.92999267578125,229.8000030517578,229.8600006103516,61184,0.0,0.0,2024-11-22,10:45:00,229.6169418334961,229.90384367021935
229.8582000732422,229.8582000732422,229.67999267578125,229.7100067138672,41613,0.0,0.0,2024-11-22,10:46:00,229.67384185791016,229.7156313453966
229.69200134277344,229.72999572753903,229.66000366210935,229.7050018310547,61566,0.0,0.0,2024-11-22,10:47:00,229.71934204101564,229.69618145275865
229.72999572753903,229.7342987060547,229.6300048828125,229.6699981689453,49512,0.0,0.0,2024-11-22,10:48:00,229.7453414916992,229.65337926376677
229.6699981689453,229.6699981689453,229.5,229.5200042724609,74154,0.0,0.0,2024-11-22,10:49:00,229.74334259033202,229.53638790574593
229.50999450683597,229.5500030517578,229.4600067138672,229.47999572753903,43632,0.0,0.0,2024-11-22,10:50:00,229.71600189208985,229.50391401033716
229.47999572753903,229.51499938964844,229.3999938964844,229.3999938964844,35931,0.0,0.0,2024-11-22,10:51:00,229.68200073242187,229.4465753840224
229.40499877929688,229.5,229.36199951171875,229.44000244140625,53232,0.0,0.0,2024-11-22,10:52:00,229.6385009765625,229.450756738711
229.44000244140625,229.4499969482422,229.35499572753903,229.4199981689453,74458,0.0,0.0,2024-11-22,10:53:00,229.60050048828126,229.3813220039008
229.4199981689453,229.5200042724609,229.32009887695312,229.47999572753903,88585,0.0,0.0,2024-11-22,10:54:00,229.56849975585936,229.42519486877399
229.47000122070312,229.47999572753903,229.3300018310547,229.3300018310547,34417,0.0,0.0,2024-11-22,10:55:00,229.5154998779297,229.36783079477283
229.3300018310547,229.3699951171875,229.2700042724609,229.3699951171875,32993,0.0,0.0,2024-11-22,10:56:00,229.48149871826172,229.31580847738886
229.3699951171875,229.42999267578125,229.34500122070312,229.34649658203125,36611,0.0,0.0,2024-11-22,10:57:00,229.44564819335938,229.39877939582666
229.33999633789065,229.35499572753903,229.27999877929688,229.3000946044922,43225,0.0,0.0,2024-11-22,10:58:00,229.40865783691407,229.304008757362
229.30999755859372,229.3600006103516,229.30999755859372,229.35499572753903,6657,0.0,0.0,2024-11-22,10:59:00,229.39215698242188,229.34981902794058
229.57000732421875,229.6499938964844,229.57000732421875,229.6000061035156,97293,0.0,0.0,2024-11-22,11:00:00,229.40415802001954,229.63221216479306
229.58999633789065,229.60989379882807,229.5500030517578,229.56809997558597,36724,0.0,0.0,2024-11-22,11:01:00,229.42096862792968,229.57102037330202
229.55999755859372,229.56500244140625,229.3950042724609,229.4199981689453,39002,0.0,0.0,2024-11-22,11:02:00,229.4189682006836,229.4324685230469
229.42999267578125,229.50999450683597,229.4199981689453,229.4900054931641,37168,0.0,0.0,2024-11-22,11:03:00,229.42596893310548,229.4862850851852
229.47999572753903,229.50999450683597,229.42030334472656,229.4723052978516,37287,0.0,0.0,2024-11-22,11:04:00,229.42519989013672,229.4555099066151
229.47000122070312,229.593994140625,229.47000122070312,229.5485992431641,27620,0.0,0.0,2024-11-22,11:05:00,229.44705963134766,229.57068390518293
229.5500030517578,229.5500030517578,229.3500061035156,229.4674072265625,32790,0.0,0.0,2024-11-22,11:06:00,229.45680084228516,229.3917796721063
229.47000122070312,229.48199462890625,229.42999267578125,229.44000244140625,24556,0.0,0.0,2024-11-22,11:07:00,229.46615142822264,229.44611640036294
229.4550018310547,229.4600067138672,229.3500061035156,229.35499572753903,30617,0.0,0.0,2024-11-22,11:08:00,229.47164154052734,229.37536399918534
229.3699951171875,229.42999267578125,229.30999755859372,229.34689331054688,39409,0.0,0.0,2024-11-22,11:09:00,229.47083129882813,229.37203942627892
229.33999633789065,229.33999633789065,229.17999267578125,229.30999755859372,75894,0.0,0.0,2024-11-22,11:10:00,229.44183044433595,229.21461942359196
229.3600006103516,229.47000122070312,229.3600006103516,229.38999938964844,1362185,0.0,0.0,2024-11-22,11:11:00,229.42402038574218,229.44804825728178
229.38999938964844,229.5,229.38499450683597,229.38999938964844,43966,0.0,0.0,2024-11-22,11:12:00,229.4210205078125,229.47565914803323
229.3800048828125,229.38999938964844,229.2100067138672,229.22999572753903,41934,0.0,0.0,2024-11-22,11:13:00,229.39501953125,229.2544677940228
229.23989868164065,229.27999877929688,229.1999969482422,229.2700042724609,39191,0.0,0.0,2024-11-22,11:14:00,229.37478942871093,229.2411832397957
229.1699981689453,229.2037048339844,229.1100006103516,229.2037048339844,76161,0.0,0.0,2024-11-22,11:16:00,229.34029998779297,229.15078023312586
229.22000122070312,229.2899932861328,229.22000122070312,229.27999877929688,39387,0.0,0.0,2024-11-22,11:17:00,229.3215591430664,229.27679854723507
229.27999877929688,229.3699951171875,229.1625061035156,229.18150329589844,60058,0.0,0.0,2024-11-22,11:18:00,229.29570922851562,229.26208082118376
229.1699981689453,229.19500732421875,229.02999877929688,229.0800018310547,46007,0.0,0.0,2024-11-22,11:19:00,229.2682098388672,229.08114869522961
229.08999633789065,229.1100006103516,228.8600006103516,228.8950042724609,89860,0.0,0.0,2024-11-22,11:20:00,229.2230209350586,228.92791638539646
228.88999938964844,229.1199951171875,228.8300018310547,229.1100006103516,64844,0.0,0.0,2024-11-22,11:21:00,229.20302124023436,229.03701135096088
229.139892578125,229.25,229.110107421875,229.2200927734375,58732,0.0,0.0,2024-11-22,11:22:00,229.18603057861327,229.20685799887164
229.22999572753903,229.42999267578125,229.22999572753903,229.42999267578125,64096,0.0,0.0,2024-11-22,11:23:00,229.19002990722657,229.39437714154084
229.42999267578125,229.50999450683597,229.3600006103516,229.3988037109375,56129,0.0,0.0,2024-11-22,11:24:00,229.2069107055664,229.4378561752961
229.3950042724609,229.4001007080078,229.2400054931641,229.25,33276,0.0,0.0,2024-11-22,11:25:00,229.2049102783203,229.2749080813501
229.2700042724609,229.3600006103516,229.1499938964844,229.1499938964844,36417,0.0,0.0,2024-11-22,11:26:00,229.1995391845703,229.24933908685756
229.1719970703125,229.3000030517578,229.1719970703125,229.3000030517578,31071,0.0,0.0,2024-11-22,11:27:00,229.2015396118164,229.276782732894
229.30999755859372,229.44000244140625,229.30499267578125,229.42999267578125,39304,0.0,0.0,2024-11-22,11:28:00,229.22638854980468,229.41137320046414
229.42999267578125,229.5399932861328,229.41000366210935,229.47999572753903,55894,0.0,0.0,2024-11-22,11:29:00,229.26638793945312,229.50214259539106
229.48989868164065,229.52999877929688,229.4199981689453,229.44000244140625,44950,0.0,0.0,2024-11-22,11:30:00,229.32088775634764,229.46487398723977
229.44500732421875,229.4499969482422,229.32000732421875,229.34500122070312,40717,0.0,0.0,2024-11-22,11:31:00,229.34438781738282,229.34877759276011
229.3500061035156,229.3800048828125,229.25,229.3800048828125,34469,0.0,0.0,2024-11-22,11:32:00,229.36037902832032,229.29518647564677
229.38999938964844,229.38999938964844,229.2801055908203,229.2826995849609,38107,0.0,0.0,2024-11-22,11:33:00,229.34564971923828,229.30182890076793
229.30499267578125,229.3251953125,229.2400054931641,229.30499267578125,33993,0.0,0.0,2024-11-22,11:34:00,229.33626861572264,229.2691940206198
229.27999877929688,229.4199981689453,229.27999877929688,229.3800048828125,28518,0.0,0.0,2024-11-22,11:35:00,229.3492691040039,229.39515311474392
229.38999938964844,229.3950042724609,229.3000030517578,229.3500061035156,26513,0.0,0.0,2024-11-22,11:36:00,229.36927032470703,229.32161229038408
229.34500122070312,229.47000122070312,229.32000732421875,229.4600067138672,34966,0.0,0.0,2024-11-22,11:37:00,229.38527069091796,229.4279672422242
229.4700927734375,229.57000732421875,229.44000244140625,229.57000732421875,51460,0.0,0.0,2024-11-22,11:38:00,229.3992721557617,229.5268852054759
229.5800018310547,229.6699981689453,229.5482940673828,229.63499450683597,50610,0.0,0.0,2024-11-22,11:39:00,229.4147720336914,229.62622044986827
229.63999938964844,229.63999938964844,229.4550018310547,229.46690368652344,50809,0.0,0.0,2024-11-22,11:40:00,229.41746215820314,229.49197471481745
229.4600067138672,229.47250366210935,229.38999938964844,229.44000244140625,37416,0.0,0.0,2024-11-22,11:41:00,229.42696228027344,229.4131218477607
229.4600067138672,229.47999572753903,229.3800048828125,229.4600067138672,24007,0.0,0.0,2024-11-22,11:42:00,229.4349624633789,229.41179689436325
229.4600067138672,229.47000122070312,229.27999877929688,229.28500366210935,33409,0.0,0.0,2024-11-22,11:43:00,229.43519287109376,229.32631287408168
229.25999450683597,229.3300018310547,229.22999572753903,229.22999572753903,29412,0.0,0.0,2024-11-22,11:44:00,229.42769317626954,229.29431232772683
229.22999572753903,229.25999450683597,229.1649932861328,229.1999053955078,55299,0.0,0.0,2024-11-22,11:45:00,229.40968322753906,229.20388565300846
229.19000244140625,229.2400054931641,228.97000122070312,228.9801025390625,88238,0.0,0.0,2024-11-22,11:46:00,229.37269287109376,229.06119660776025
228.9900054931641,229.32000732421875,228.97999572753903,229.3000030517578,81076,0.0,0.0,2024-11-22,11:47:00,229.3566925048828,229.25984106232437
229.30999755859372,229.4499969482422,229.2899932861328,229.4499969482422,35923,0.0,0.0,2024-11-22,11:48:00,229.34469146728514,229.40935832717588
229.4409027099609,229.5,229.44000244140625,229.4499969482422,42596,0.0,0.0,2024-11-22,11:49:00,229.3261917114258,229.48557288219934
229.47999572753903,229.5399932861328,229.3699951171875,229.50999450683597,39491,0.0,0.0,2024-11-22,11:50:00,229.33050079345702,229.44095068387065
229.51499938964844,229.6100006103516,229.47000122070312,229.6100006103516,73938,0.0,0.0,2024-11-22,11:51:00,229.34750061035157,229.5551646621493
229.6000061035156,229.6499938964844,229.55999755859372,229.58999633789065,47660,0.0,0.0,2024-11-22,11:52:00,229.3604995727539,229.60553565338944
229.57000732421875,229.58999633789065,229.51019287109372,229.56500244140625,51528,0.0,0.0,2024-11-22,11:53:00,229.38849945068358,229.53570066187214
229.57000732421875,229.63999938964844,229.47999572753903,229.63499450683597,50322,0.0,0.0,2024-11-22,11:54:00,229.4289993286133,229.55475217286883
229.6300048828125,229.6300048828125,229.57000732421875,229.6000061035156,36016,0.0,0.0,2024-11-22,11:55:00,229.46900939941406,229.57897240901445
229.58999633789065,229.67999267578125,229.5800018310547,229.6000061035156,126992,0.0,0.0,2024-11-22,11:56:00,229.53099975585937,229.65388393385035
229.59500122070312,229.625,229.52999877929688,229.58999633789065,40214,0.0,0.0,2024-11-22,11:57:00,229.55999908447265,229.5665248298155
229.58999633789065,229.6300048828125,229.5500030517578,229.60499572753903,42488,0.0,0.0,2024-11-22,11:58:00,229.57549896240235,229.58939477054318
229.60499572753903,229.6100006103516,229.5500030517578,229.57989501953125,45194,0.0,0.0,2024-11-22,11:59:00,229.58848876953124,229.56344412450218
229.5800018310547,229.59500122070312,229.5399932861328,229.5800018310547,43889,0.0,0.0,2024-11-22,12:00:00,229.59548950195312,229.5587172318335
229.57000732421875,229.66000366210935,229.52999877929688,229.66000366210935,78224,0.0,0.0,2024-11-22,12:01:00,229.6004898071289,229.61171929592746
229.66000366210935,229.7899932861328,229.66000366210935,229.77999877929688,80410,0.0,0.0,2024-11-22,12:02:00,229.61949005126954,229.76532479580368
229.7749938964844,229.7765045166016,229.68020629882807,229.72000122070312,58515,0.0,0.0,2024-11-22,12:03:00,229.6349899291992,229.698474104891
229.7250061035156,229.77999877929688,229.71499633789065,229.7550048828125,73757,0.0,0.0,2024-11-22,12:04:00,229.64699096679686,229.7593132061264
229.75999450683597,229.82000732421875,229.7400054931641,229.80029296875,83558,0.0,0.0,2024-11-22,12:05:00,229.66701965332032,229.79063137354876
229.82000732421875,229.8300018310547,229.75999450683597,229.78500366210935,48646,0.0,0.0,2024-11-22,12:06:00,229.68551940917968,229.77744231498045
229.77999877929688,229.81500244140625,229.7700042724609,229.8000030517578,42500,0.0,0.0,2024-11-22,12:07:00,229.7065200805664,229.79760155378773
229.8000030517578,229.88999938964844,229.7926025390625,229.8600006103516,72170,0.0,0.0,2024-11-22,12:08:00,229.73202056884764,229.8657176558633
229.8500061035156,229.8500061035156,229.7899932861328,229.7899932861328,45565,0.0,0.0,2024-11-22,12:09:00,229.7530303955078,229.79941008426937
229.7899932861328,229.7899932861328,229.67999267578125,229.7100067138672,44097,0.0,0.0,2024-11-22,12:10:00,229.76603088378906,229.70162785149185
229.7100067138672,229.75999450683597,229.6443023681641,229.74200439453125,50704,0.0,0.0,2024-11-22,12:11:00,229.77423095703125,229.69862386303325
229.75,229.88999938964844,229.7400054931641,229.8699951171875,72895,0.0,0.0,2024-11-22,12:12:00,229.78323059082032,229.85667661431887
229.8719940185547,229.91000366210935,229.80999755859372,229.8699951171875,58174,0.0,0.0,2024-11-22,12:13:00,229.79822998046876,229.85193589408564
229.8600006103516,229.92999267578125,229.8500061035156,229.9149932861328,29659,0.0,0.0,2024-11-22,12:14:00,229.8142288208008,229.90717201430593
229.9149932861328,229.94000244140625,229.91000366210935,229.9199981689453,42639,0.0,0.0,2024-11-22,12:15:00,229.82619934082032,229.9278198149118
229.91009521484372,229.9499969482422,229.8999938964844,229.9250030517578,39364,0.0,0.0,2024-11-22,12:16:00,229.84019927978517,229.93166338671713
229.9250030517578,229.9488067626953,229.90499877929688,229.9488067626953,37042,0.0,0.0,2024-11-22,12:17:00,229.8550796508789,229.92542978361726
229.9499969482422,229.9499969482422,229.88999938964844,229.8999938964844,33559,0.0,0.0,2024-11-22,12:18:00,229.85907897949218,229.89941260163837
229.88999938964844,229.8999938964844,229.8300018310547,229.8300018310547,53673,0.0,0.0,2024-11-22,12:19:00,229.8630798339844,229.84844266518698
229.82009887695312,229.8600006103516,229.7700958251953,229.8300018310547,40282,0.0,0.0,2024-11-22,12:20:00,229.8750793457031,229.8122017956419
229.8500061035156,229.9199981689453,229.80999755859372,229.8350067138672,49659,0.0,0.0,2024-11-22,12:21:00,229.8843795776367,229.87480777246847
229.83099365234372,229.91000366210935,229.8300018310547,229.8600006103516,41758,0.0,0.0,2024-11-22,12:22:00,229.8833801269531,229.89363677548292
229.8600006103516,229.8699951171875,229.80999755859372,229.8500061035156,24520,0.0,0.0,2024-11-22,12:23:00,229.88138122558593,229.82668596086776
229.8600006103516,229.8600006103516,229.7700042724609,229.80259704589844,54934,0.0,0.0,2024-11-22,12:24:00,229.8701416015625,229.7873227826552
229.80999755859372,229.83999633789065,229.8000030517578,229.8300018310547,31761,0.0,0.0,2024-11-22,12:25:00,229.86114196777345,229.8246197319188
229.8249969482422,229.9600067138672,229.8238067626953,229.9501037597656,46188,0.0,0.0,2024-11-22,12:26:00,229.86365203857423,229.93430953237223
229.9600067138672,230.1199951171875,229.92999267578125,230.1199951171875,381289,0.0,0.0,2024-11-22,12:27:00,229.88077087402343,230.06632263225387
230.1199951171875,230.1199951171875,229.9828948974609,230.02569580078125,44019,0.0,0.0,2024-11-22,12:28:00,229.89334106445312,230.00849674398376
230.02999877929688,230.0500030517578,229.97999572753903,229.9850006103516,52797,0.0,0.0,2024-11-22,12:29:00,229.90884094238282,230.0035090981144
229.9850006103516,230.0019989013672,229.91000366210935,229.94000244140625,44527,0.0,0.0,2024-11-22,12:30:00,229.91984100341796,229.93731883728447
229.92999267578125,229.97000122070312,229.8600006103516,229.92779541015625,53517,0.0,0.0,2024-11-22,12:31:00,229.9291198730469,229.90612544709526
229.9199981689453,229.9777984619141,229.91200256347656,229.9445037841797,24483,0.0,0.0,2024-11-22,12:32:00,229.93757019042968,229.9590707563975
229.9499969482422,230.04800415039065,229.94500732421875,230.02999877929688,56638,0.0,0.0,2024-11-22,12:33:00,229.9555694580078,230.0249173778584
230.02999877929688,230.0399932861328,229.9499969482422,230.0200042724609,62205,0.0,0.0,2024-11-22,12:34:00,229.97731018066406,229.97264968204067
230.02999877929688,230.05999755859372,230.0,230.0,36337,0.0,0.0,2024-11-22,12:35:00,229.9943099975586,230.02817320617856
230.0,230.0,229.88999938964844,229.90499877929688,36984,0.0,0.0,2024-11-22,12:36:00,229.98979949951172,229.9116196280136
229.91000366210935,229.9250030517578,229.8300018310547,229.8300018310547,18846,0.0,0.0,2024-11-22,12:37:00,229.96080017089844,229.85801923563952
229.82000732421875,229.8300018310547,229.720703125,229.72999572753903,36360,0.0,0.0,2024-11-22,12:38:00,229.9312301635742,229.74958431361864
229.7250061035156,229.72999572753903,229.6750030517578,229.7100067138672,34715,0.0,0.0,2024-11-22,12:39:00,229.9037307739258,229.6891291048632
229.7100067138672,229.8500061035156,229.7100067138672,229.84500122070312,58896,0.0,0.0,2024-11-22,12:40:00,229.89423065185548,229.8259209879312
229.8500061035156,229.8600006103516,229.72999572753903,229.7888946533203,46532,0.0,0.0,2024-11-22,12:41:00,229.88034057617188,229.76278965822758
229.7700042724609,229.8000946044922,229.72000122070312,229.8000946044922,30172,0.0,0.0,2024-11-22,12:42:00,229.86589965820312,229.75433384261174
229.8000030517578,229.82749938964844,229.7400054931641,229.7400054931641,92613,0.0,0.0,2024-11-22,12:43:00,229.83690032958984,229.77376435523078
229.75,229.80999755859372,229.72999572753903,229.74009704589844,44842,0.0,0.0,2024-11-22,12:44:00,229.80890960693358,229.78216541656465
229.75999450683597,229.7899932861328,229.7006072998047,229.72000122070312,27501,0.0,0.0,2024-11-22,12:45:00,229.7809097290039,229.73628797293102
229.7350006103516,229.8300018310547,229.72999572753903,229.7899932861328,28718,0.0,0.0,2024-11-22,12:46:00,229.7694091796875,229.80787411858662
229.7899932861328,229.7899932861328,229.7400054931641,229.7749938964844,26330,0.0,0.0,2024-11-22,12:47:00,229.76390838623047,229.74789398478129
229.7700042724609,229.8639068603516,229.7700042724609,229.8300018310547,31330,0.0,0.0,2024-11-22,12:48:00,229.77390899658204,229.84548473480822
229.8260040283203,229.8800048828125,229.8260040283203,229.85499572753903,24378,0.0,0.0,2024-11-22,12:49:00,229.7884078979492,229.8675839642677
229.8600006103516,230.10989379882807,229.8567047119141,230.10989379882807,108213,0.0,0.0,2024-11-22,12:50:00,229.8148971557617,230.06309087582483
230.1100006103516,230.1300048828125,230.02999877929688,230.07000732421875,51292,0.0,0.0,2024-11-22,12:51:00,229.84300842285157,230.05889402448003
230.07000732421875,230.1300048828125,230.07000732421875,230.07330322265625,37059,0.0,0.0,2024-11-22,12:52:00,229.87032928466797,230.11482020220663
230.0500030517578,230.1100006103516,230.00999450683597,230.1000061035156,39713,0.0,0.0,2024-11-22,12:53:00,229.90632934570309,230.06453603534993
230.1000061035156,230.4492034912109,230.1000061035156,230.4084930419922,285576,0.0,0.0,2024-11-22,12:54:00,229.97316894531247,230.38767876741122
230.39329528808597,230.4199981689453,230.3600006103516,230.3699951171875,80229,0.0,0.0,2024-11-22,12:55:00,230.0381683349609,230.3826898184907
230.3699951171875,230.52999877929688,230.3600006103516,230.49009704589844,167093,0.0,0.0,2024-11-22,12:56:00,230.10817871093747,230.489945783223
230.49749755859372,230.5,230.33999633789065,230.3600006103516,83875,0.0,0.0,2024-11-22,12:57:00,230.16667938232422,230.37100519229634
230.3500061035156,230.44869995117188,230.3105010986328,230.4199981689453,36872,0.0,0.0,2024-11-22,12:58:00,230.22567901611328,230.3973416751457
230.4199981689453,230.4199981689453,230.375,230.39010620117188,41398,0.0,0.0,2024-11-22,12:59:00,230.27919006347656,230.3801176211166
230.3800048828125,230.5,230.3600006103516,230.47999572753903,54789,0.0,0.0,2024-11-22,13:00:00,230.3162002563476,230.4607824092076
230.47000122070312,230.47000122070312,230.3600006103516,230.3701019287109,47421,0.0,0.0,2024-11-22,13:01:00,230.34620971679686,230.380132582447
230.375,230.44000244140625,230.375,230.4282073974609,30288,0.0,0.0,2024-11-22,13:02:00,230.38170013427734,230.42581426610343
230.42010498046875,230.48280334472656,230.4199981689453,230.4499969482422,28380,0.0,0.0,2024-11-22,13:03:00,230.41669921875,230.46877381263536
230.4550018310547,230.5500030517578,230.42999267578125,230.5200042724609,126054,0.0,0.0,2024-11-22,13:04:00,230.42785034179687,230.51116719950275
230.51499938964844,230.52999877929688,230.4402008056641,230.4550018310547,85076,0.0,0.0,2024-11-22,13:05:00,230.43635101318358,230.46520228244913
230.4499969482422,230.4600067138672,230.38999938964844,230.4499969482422,37475,0.0,0.0,2024-11-22,13:06:00,230.43234100341797,230.40813986184375
230.44000244140625,230.4678955078125,230.3699951171875,230.4499969482422,27942,0.0,0.0,2024-11-22,13:07:00,230.44134063720702,230.40563252356233
230.44000244140625,230.47999572753903,230.2801971435547,230.3238067626953,33553,0.0,0.0,2024-11-22,13:08:00,230.43172149658204,230.3464537969598
230.32000732421875,230.4499969482422,230.32000732421875,230.44000244140625,33797,0.0,0.0,2024-11-22,13:09:00,230.43671112060548,230.42643457324905
230.42999267578125,230.4779052734375,230.4001007080078,230.4499969482422,25947,0.0,0.0,2024-11-22,13:10:00,230.43371124267577,230.4433679719531
230.4499969482422,230.52999877929688,230.4499969482422,230.5200042724609,80250,0.0,0.0,2024-11-22,13:11:00,230.44870147705078,230.5131844667228
230.51890563964844,230.6499938964844,230.50999450683597,230.6300048828125,117631,0.0,0.0,2024-11-22,13:12:00,230.46888122558593,230.6174797633529
230.6199951171875,230.7198944091797,230.52999877929688,230.5449981689453,80442,0.0,0.0,2024-11-22,13:13:00,230.47838134765624,230.6289834050252
230.5399932861328,230.54739379882807,230.3600006103516,230.4550018310547,67126,0.0,0.0,2024-11-22,13:14:00,230.4718811035156,230.40284163999974
230.4499969482422,230.4600067138672,230.3500061035156,230.3999938964844,42495,0.0,0.0,2024-11-22,13:15:00,230.46638031005858,230.37763744730444
230.3950042724609,230.47210693359372,230.3950042724609,230.4550018310547,33278,0.0,0.0,2024-11-22,13:16:00,230.46688079833984,230.45658616464456
230.45199584960935,230.47000122070312,230.38999938964844,230.44219970703125,27458,0.0,0.0,2024-11-22,13:17:00,230.46610107421876,230.415626913257
230.4402008056641,230.5,230.4199981689453,230.4499969482422,20392,0.0,0.0,2024-11-22,13:18:00,230.47872009277344,230.4713547027715
230.4499969482422,230.51499938964844,230.38999938964844,230.41110229492188,33952,0.0,0.0,2024-11-22,13:19:00,230.475830078125,230.45468628053737
230.4199981689453,230.4199981689453,230.3000946044922,230.32000732421875,40813,0.0,0.0,2024-11-22,13:20:00,230.46283111572265,230.32417969369357
230.30999755859372,230.3697967529297,230.2700042724609,230.33999633789065,72143,0.0,0.0,2024-11-22,13:21:00,230.44483032226563,230.32686931107705
230.3300018310547,230.3500061035156,230.30499267578125,230.33999633789065,22105,0.0,0.0,2024-11-22,13:22:00,230.41582946777345,230.32462663366627
230.33999633789065,230.3999938964844,230.30499267578125,230.3999938964844,32614,0.0,0.0,2024-11-22,13:23:00,230.40132904052734,230.36019039329625
230.3999938964844,230.4084014892578,230.3300018310547,230.35499572753903,29072,0.0,0.0,2024-11-22,13:24:00,230.39132843017578,230.34922675754333
230.3500061035156,230.36880493164065,230.30999755859372,230.32249450683597,25332,0.0,0.0,2024-11-22,13:25:00,230.38357849121093,230.33152435111444
230.32000732421875,230.3600006103516,230.32000732421875,230.3300018310547,32737,0.0,0.0,2024-11-22,13:26:00,230.37107849121094,230.35032447574866
230.3300018310547,230.33999633789065,230.25999450683597,230.3300018310547,60904,0.0,0.0,2024-11-22,13:27:00,230.35985870361327,230.2809415108529
230.32000732421875,230.3300018310547,230.13999938964844,230.17999267578125,69551,0.0,0.0,2024-11-22,13:28:00,230.33285827636718,230.18597870436858
230.1699981689453,230.19000244140625,230.1199951171875,230.17999267578125,35488,0.0,0.0,2024-11-22,13:29:00,230.30974731445312,230.14598889276334
230.1649932861328,230.2700042724609,230.13499450683597,230.2700042724609,31636,0.0,0.0,2024-11-22,13:30:00,230.30474700927735,230.2276967185467
230.26499938964844,230.33799743652344,230.26499938964844,230.30889892578125,33664,0.0,0.0,2024-11-22,13:31:00,230.3016372680664,230.3228916344366
230.30999755859372,230.38999938964844,230.3000030517578,230.30999755859372,29247,0.0,0.0,2024-11-22,13:32:00,230.29863739013672,230.36555860284088
230.30999755859372,230.30999755859372,230.19000244140625,230.2100067138672,40758,0.0,0.0,2024-11-22,13:33:00,230.279638671875,230.21347331859099
230.1999969482422,230.2100067138672,230.15499877929688,230.15499877929688,32676,0.0,0.0,2024-11-22,13:34:00,230.25963897705077,230.1706589399316
230.16000366210935,230.1999969482422,230.16000366210935,230.16000366210935,35021,0.0,0.0,2024-11-22,13:35:00,230.24338989257814,230.19075698887443
230.15870666503903,230.15870666503903,230.02099609375,230.04010009765625,59554,0.0,0.0,2024-11-22,13:36:00,230.2143997192383,230.04946068234705
230.0399932861328,230.0800018310547,230.00999450683597,230.0485992431641,49259,0.0,0.0,2024-11-22,13:37:00,230.1862594604492,230.04832355179508
230.0449981689453,230.10499572753903,230.0399932861328,230.0800018310547,40172,0.0,0.0,2024-11-22,13:38:00,230.17626037597657,230.08921883163842
230.0850067138672,230.08999633789065,229.94000244140625,229.9600067138672,55946,0.0,0.0,2024-11-22,13:39:00,230.15426177978514,229.97451659236106
229.9550018310547,230.00999450683597,229.9499969482422,229.9900054931641,61808,0.0,0.0,2024-11-22,13:40:00,230.12626190185546,229.995457285215
229.97999572753903,229.9949951171875,229.8916015625,229.9188995361328,30866,0.0,0.0,2024-11-22,13:41:00,230.08726196289064,229.92202673059768
229.91000366210935,230.0099029541016,229.860107421875,229.9850006103516,69130,0.0,0.0,2024-11-22,13:42:00,230.0547622680664,229.95327385073537
229.9882049560547,230.0,229.90499877929688,229.91000366210935,42446,0.0,0.0,2024-11-22,13:43:00,230.02476196289064,229.9308313744662
229.9149932861328,229.97999572753903,229.88999938964844,229.9199981689453,54986,0.0,0.0,2024-11-22,13:44:00,230.00126190185546,229.94763831436276
229.9199981689453,230.00999450683597,229.8999938964844,230.0050048828125,39204,0.0,0.0,2024-11-22,13:45:00,229.9857620239258,229.9772648172742
230.0,230.00999450683597,229.92999267578125,229.96499633789065,47629,0.0,0.0,2024-11-22,13:46:00,229.9782516479492,229.9507023369928
229.96499633789065,230.0,229.9499969482422,229.9750061035156,21352,0.0,0.0,2024-11-22,13:47:00,229.97089233398438,229.97940900644147
229.9750061035156,230.03829956054688,229.9750061035156,230.0050048828125,196124,0.0,0.0,2024-11-22,13:48:00,229.96339263916016,230.02428339505778
230.00999450683597,230.0498962402344,229.9850006103516,229.9949951171875,51830,0.0,0.0,2024-11-22,13:49:00,229.96689147949218,230.02025228143398
229.9949951171875,229.99819946289065,229.8999938964844,229.9550018310547,61127,0.0,0.0,2024-11-22,13:50:00,229.96339111328126,229.92062470295062
229.9499969482422,229.9501037597656,229.82000732421875,229.8600006103516,56504,0.0,0.0,2024-11-22,13:51:00,229.95750122070314,229.84648218062878
229.8600006103516,229.9850006103516,229.8600006103516,229.9550018310547,32253,0.0,0.0,2024-11-22,13:52:00,229.95450134277343,229.9623781359762
229.9600067138672,230.03579711914065,229.94500732421875,230.0200042724609,50168,0.0,0.0,2024-11-22,13:53:00,229.9655014038086,230.0085813969081
230.0198974609375,230.0399932861328,229.98989868164065,230.0,48896,0.0,0.0,2024-11-22,13:54:00,229.97350158691407,230.00965291934384
229.99009704589844,230.0,229.8699951171875,229.87890625,33867,0.0,0.0,2024-11-22,13:55:00,229.9608917236328,229.9020590968316
229.88999938964844,229.9272003173828,229.82000732421875,229.8650054931641,36594,0.0,0.0,2024-11-22,13:56:00,229.95089263916014,229.86443840497964
229.875,230.01829528808597,229.8600006103516,229.9900054931641,37770,0.0,0.0,2024-11-22,13:57:00,229.952392578125,229.9809693277461
230.0,230.01499938964844,229.92999267578125,229.92999267578125,29933,0.0,0.0,2024-11-22,13:58:00,229.94489135742188,229.95459586298875
229.91000366210935,229.92999267578125,229.86050415039065,229.875,43821,0.0,0.0,2024-11-22,13:59:00,229.93289184570312,229.88540823253794
229.8699951171875,229.8699951171875,229.8000030517578,229.82989501953125,38494,0.0,0.0,2024-11-22,14:00:00,229.92038116455078,229.81314854214213
229.8249969482422,229.9499969482422,229.82000732421875,229.9199981689453,38658,0.0,0.0,2024-11-22,14:01:00,229.92638092041017,229.9236135385043
229.9149932861328,229.97000122070312,229.8999938964844,229.9600067138672,37512,0.0,0.0,2024-11-22,14:02:00,229.9268814086914,229.94625528656414
229.9600067138672,229.99310302734372,229.9199981689453,229.92999267578125,38524,0.0,0.0,2024-11-22,14:03:00,229.91788024902343,229.9530493403073
229.9199981689453,229.9499969482422,229.8650054931641,229.9199981689453,22627,0.0,0.0,2024-11-22,14:04:00,229.90988006591797,229.89925926462703
229.91000366210935,229.91000366210935,229.82000732421875,229.83999633789065,40655,0.0,0.0,2024-11-22,14:05:00,229.90598907470707,229.83716837174796
229.84500122070312,229.8500061035156,229.8000030517578,229.8302001953125,34820,0.0,0.0,2024-11-22,14:06:00,229.90250854492191,229.81171278588974
229.8300018310547,229.8800048828125,229.8300018310547,229.8650054931641,29921,0.0,0.0,2024-11-22,14:07:00,229.89000854492187,229.8691775640914
229.8650054931641,229.8650054931641,229.75999450683597,229.8101043701172,40155,0.0,0.0,2024-11-22,14:08:00,229.87801971435547,229.78079800993953
229.80999755859372,229.8249969482422,229.7700042724609,229.81500244140625,22824,0.0,0.0,2024-11-22,14:09:00,229.87201995849608,229.78903575747125
229.80999755859372,229.83970642089844,229.69000244140625,229.69009399414065,69024,0.0,0.0,2024-11-22,14:10:00,229.85803985595703,229.7394978514931
229.7100067138672,229.7749938964844,229.6999969482422,229.72000122070312,31877,0.0,0.0,2024-11-22,14:11:00,229.83804016113282,229.75478814224718
229.7100067138672,229.7299041748047,229.64410400390625,229.6985015869141,36187,0.0,0.0,2024-11-22,14:12:00,229.8118896484375,229.67362855782395
229.6999969482422,229.7579040527344,229.69000244140625,229.7100067138672,34283,0.0,0.0,2024-11-22,14:13:00,229.7898910522461,229.73848273543123
229.71499633789065,229.71499633789065,229.63999938964844,229.6585998535156,30556,0.0,0.0,2024-11-22,14:14:00,229.7637512207031,229.65440458020916
229.66000366210935,229.66000366210935,229.46499633789065,229.47999572753903,133971,0.0,0.0,2024-11-22,14:15:00,229.72775115966797,229.50698458415667
229.47999572753903,229.47999572753903,229.3600006103516,229.4250030517578,90910,0.0,0.0,2024-11-22,14:16:00,229.6872314453125,229.38636862169133
229.42999267578125,229.5200042724609,229.38999938964844,229.4250030517578,83997,0.0,0.0,2024-11-22,14:17:00,229.6432312011719,229.47362328868942
229.4250030517578,229.4550018310547,229.375,229.41000366210935,38209,0.0,0.0,2024-11-22,14:18:00,229.60322113037108,229.41031626635075
229.41000366210935,229.5399932861328,229.3950042724609,229.5,94852,0.0,0.0,2024-11-22,14:19:00,229.57172088623048,229.5059193322219
229.5,229.5500030517578,229.4600067138672,229.4900054931641,57290,0.0,0.0,2024-11-22,14:20:00,229.5517120361328,229.50847794593128
229.5,229.50999450683597,229.4600067138672,229.47000122070312,34849,0.0,0.0,2024-11-22,14:21:00,229.5267120361328,229.47471396016206
229.47999572753903,229.57130432128903,229.46499633789065,229.52999877929688,80996,0.0,0.0,2024-11-22,14:22:00,229.5098617553711,229.5421457505008
229.50999450683597,229.5200042724609,229.4499969482422,229.4550018310547,47095,0.0,0.0,2024-11-22,14:23:00,229.48436126708984,229.46876169454444
229.4600067138672,229.47999572753903,229.4145050048828,229.46499633789065,37868,0.0,0.0,2024-11-22,14:24:00,229.46500091552736,229.43866823058931
229.46499633789065,229.5,229.3300018310547,229.3950042724609,94811,0.0,0.0,2024-11-22,14:25:00,229.45650177001954,229.38704570499038
229.39329528808597,229.50999450683597,229.38999938964844,229.4933013916016,34975,0.0,0.0,2024-11-22,14:26:00,229.4633316040039,229.48628277963226
229.5,229.5,229.41000366210935,229.4600067138672,53882,0.0,0.0,2024-11-22,14:27:00,229.46683197021486,229.42717232843742
229.4550018310547,229.47000122070312,229.41000366210935,229.43499755859372,29386,0.0,0.0,2024-11-22,14:28:00,229.46933135986328,229.42997466224801
229.4199981689453,229.4499969482422,229.3699951171875,229.44000244140625,25896,0.0,0.0,2024-11-22,14:29:00,229.4633316040039,229.40400705474121
229.44500732421875,229.44500732421875,229.3800048828125,229.4199981689453,37373,0.0,0.0,2024-11-22,14:30:00,229.45633087158203,229.39194859836707
229.4250030517578,229.5,229.41009521484372,229.4510040283203,47571,0.0,0.0,2024-11-22,14:31:00,229.45443115234374,229.4736291163684
229.4550018310547,229.45989990234372,229.3699951171875,229.38999938964844,68181,0.0,0.0,2024-11-22,14:32:00,229.4404312133789,229.3903251021085
229.3950042724609,229.3999938964844,229.32000732421875,229.3950042724609,33856,0.0,0.0,2024-11-22,14:33:00,229.43443145751954,229.3387441040777
229.41000366210935,229.4199981689453,229.38999938964844,229.38999938964844,81207,0.0,0.0,2024-11-22,14:34:00,229.42693176269532,229.40003520445768
229.3999938964844,229.4199981689453,229.3800048828125,229.38999938964844,43220,0.0,0.0,2024-11-22,14:35:00,229.42643127441406,229.39858434122826
229.38999938964844,229.4185028076172,229.3699951171875,229.375,41578,0.0,0.0,2024-11-22,14:36:00,229.41460113525392,229.3956969054219
229.3717041015625,229.47000122070312,229.3717041015625,229.4600067138672,35238,0.0,0.0,2024-11-22,14:37:00,229.41460113525392,229.4515506358511
229.47000122070312,229.47000122070312,229.43499755859372,229.4499969482422,27338,0.0,0.0,2024-11-22,14:38:00,229.41610107421874,229.43942189642448
229.44500732421875,229.54600524902344,229.44000244140625,229.54600524902344,42253,0.0,0.0,2024-11-22,14:39:00,229.42670135498048,229.52259372068804
229.55999755859372,229.5800018310547,229.5,229.5449981689453,44380,0.0,0.0,2024-11-22,14:40:00,229.43920135498047,229.5261764526397
229.5449981689453,229.55999755859372,229.5200042724609,229.52999877929688,28343,0.0,0.0,2024-11-22,14:41:00,229.4471008300781,229.53422220354997
229.5498962402344,229.63999938964844,229.50999450683597,229.63999938964844,34648,0.0,0.0,2024-11-22,14:42:00,229.47210083007812,229.59079177910374
229.63999938964844,229.63999938964844,229.5200042724609,229.5399932861328,41651,0.0,0.0,2024-11-22,14:43:00,229.48659973144532,229.54277542879746
229.5399932861328,229.57000732421875,229.50999450683597,229.55499267578125,28008,0.0,0.0,2024-11-22,14:44:00,229.5030990600586,229.53855333632956
229.55499267578125,229.55999755859372,229.4949951171875,229.50010681152344,30910,0.0,0.0,2024-11-22,14:45:00,229.51410980224608,229.5094012280925
229.50999450683597,229.55999755859372,229.4900054931641,229.5200042724609,46792,0.0,0.0,2024-11-22,14:46:00,229.5286102294922,229.53357500363882
229.5399932861328,229.5399932861328,229.4949951171875,229.5200042724609,33544,0.0,0.0,2024-11-22,14:47:00,229.53460998535152,229.50212419897238
229.5198974609375,229.5800018310547,229.50999450683597,229.57000732421875,81302,0.0,0.0,2024-11-22,14:48:00,229.54661102294918,229.5597480037365
229.55999755859372,229.5749969482422,229.52999877929688,229.52999877929688,30208,0.0,0.0,2024-11-22,14:49:00,229.54501037597652,229.54616396484903
229.5200042724609,229.5399932861328,229.4900054931641,229.5200042724609,30079,0.0,0.0,2024-11-22,14:50:00,229.54251098632807,229.5107537264682
229.5249938964844,229.52999877929688,229.47000122070312,229.4835968017578,20945,0.0,0.0,2024-11-22,14:51:00,229.53787078857417,229.48382532109773
229.4850006103516,229.5,229.44009399414065,229.4900054931641,26147,0.0,0.0,2024-11-22,14:52:00,229.52287139892573,229.4602569064295
229.4949951171875,229.5498962402344,229.47999572753903,229.49989318847656,44753,0.0,0.0,2024-11-22,14:53:00,229.51886138916012,229.52659511258818
229.4969024658203,229.50999450683597,229.47999572753903,229.4900054931641,40345,0.0,0.0,2024-11-22,14:54:00,229.51236267089843,229.49189500417094
229.4900054931641,229.5200042724609,229.4900054931641,229.50999450683597,38878,0.0,0.0,2024-11-22,14:55:00,229.5133514404297,229.5122930010011
229.51499938964844,229.55999755859372,229.50999450683597,229.54319763183597,41195,0.0,0.0,2024-11-22,14:56:00,229.5156707763672,229.54576155999914
229.54010009765625,229.6000061035156,229.52999877929688,229.5749969482422,51807,0.0,0.0,2024-11-22,14:57:00,229.52117004394535,229.57920825648094
229.57989501953125,229.5800018310547,229.5,229.5399932861328,34348,0.0,0.0,2024-11-22,14:58:00,229.51816864013676,229.51462931003186
229.53500366210935,229.53500366210935,229.47189331054688,229.4900054931641,35850,0.0,0.0,2024-11-22,14:59:00,229.5141693115235,229.48302114172776
229.47999572753903,229.47999572753903,229.38999938964844,229.46499633789065,34557,0.0,0.0,2024-11-22,15:00:00,229.50866851806646,229.40781746060435
229.47000122070312,229.49200439453125,229.4199981689453,229.4499969482422,24326,0.0,0.0,2024-11-22,15:01:00,229.50530853271488,229.44719059332917
229.4499969482422,229.48989868164065,229.4199981689453,229.4199981689453,37709,0.0,0.0,2024-11-22,15:02:00,229.49830780029302,229.4577405913119
229.4199981689453,229.4199981689453,229.2700042724609,229.3300018310547,65387,0.0,0.0,2024-11-22,15:03:00,229.48131866455083,229.3018930984695
229.32809448242188,229.32809448242188,229.1499938964844,229.25999450683597,60531,0.0,0.0,2024-11-22,15:04:00,229.45831756591798,229.18907620741675
229.25,229.33999633789065,229.2350006103516,229.33999633789065,30765,0.0,0.0,2024-11-22,15:05:00,229.44131774902343,229.31288015025143
229.33999633789065,229.39149475097656,229.30999755859372,229.38949584960935,31746,0.0,0.0,2024-11-22,15:06:00,229.4259475708008,229.35792620032498
229.3800048828125,229.43499755859372,229.33999633789065,229.33999633789065,34976,0.0,0.0,2024-11-22,15:07:00,229.40244750976564,229.3924897404416
229.34719848632807,229.34719848632807,229.2350006103516,229.2888946533203,25289,0.0,0.0,2024-11-22,15:08:00,229.37733764648436,229.25803388859308
229.2866058349609,229.3350067138672,229.25999450683597,229.2899932861328,36427,0.0,0.0,2024-11-22,15:09:00,229.35733642578126,229.3044342361791
229.2899932861328,229.32000732421875,229.22059631347656,229.26499938964844,48296,0.0,0.0,2024-11-22,15:10:00,229.33733673095702,229.25917216845957
229.2602996826172,229.2700042724609,229.22000122070312,229.25,47652,0.0,0.0,2024-11-22,15:11:00,229.3173370361328,229.2349981021887
229.25999450683597,229.3300018310547,229.2100067138672,229.2799072265625,35568,0.0,0.0,2024-11-22,15:12:00,229.30332794189454,229.2776730014956
229.2899932861328,229.2899932861328,229.1499938964844,229.1649932861328,51840,0.0,0.0,2024-11-22,15:13:00,229.28682708740234,229.17907691575041
229.16000366210935,229.17999267578125,229.08999633789065,229.17010498046875,59338,0.0,0.0,2024-11-22,15:14:00,229.27783813476563,229.12108180115013
229.17999267578125,229.2400054931641,229.1699981689453,229.22000122070312,41956,0.0,0.0,2024-11-22,15:15:00,229.26583862304688,229.2205899045485
229.2100067138672,229.2700042724609,229.16000366210935,229.25,34458,0.0,0.0,2024-11-22,15:16:00,229.25188903808595,229.21930506304093
229.25369262695312,229.2700042724609,229.1800994873047,229.22000122070312,38824,0.0,0.0,2024-11-22,15:17:00,229.2398895263672,229.20758658376153
229.22000122070312,229.2801055908203,229.2057037353516,229.25509643554688,45857,0.0,0.0,2024-11-22,15:18:00,229.23650970458985,229.25664113092262
229.25,229.26919555664065,229.2100067138672,229.22999572753903,27473,0.0,0.0,2024-11-22,15:19:00,229.23050994873046,229.23217621258024
229.2301025390625,229.2400054931641,229.19000244140625,229.2100067138672,34133,0.0,0.0,2024-11-22,15:20:00,229.22501068115236,229.20455148626672
229.2100067138672,229.22999572753903,229.19000244140625,229.2100067138672,25165,0.0,0.0,2024-11-22,15:21:00,229.22101135253905,229.20859057314382
229.19009399414065,229.1999969482422,229.13999938964844,229.1450042724609,45979,0.0,0.0,2024-11-22,15:22:00,229.2075210571289,229.15707377440287
229.14019775390625,229.16000366210935,229.0249938964844,229.0800018310547,107290,0.0,0.0,2024-11-22,15:23:00,229.1990219116211,229.06565064505557
229.0800018310547,229.1199951171875,229.06500244140625,229.1000061035156,34032,0.0,0.0,2024-11-22,15:24:00,229.19201202392577,229.10029757176784
229.10499572753903,229.22999572753903,229.08999633789065,229.22999572753903,55464,0.0,0.0,2024-11-22,15:25:00,229.19301147460936,229.19628987507957
229.22999572753903,229.3300018310547,229.22000122070312,229.3105926513672,52909,0.0,0.0,2024-11-22,15:26:00,229.1990707397461,229.30292913523726
229.32000732421875,229.3500061035156,229.2700958251953,229.3300018310547,82979,0.0,0.0,2024-11-22,15:27:00,229.21007080078124,229.30257851105773
229.33999633789065,229.3800048828125,229.3350067138672,229.3578948974609,50658,0.0,0.0,2024-11-22,15:28:00,229.22035064697266,229.3655244364177
229.3500061035156,229.42999267578125,228.92999267578125,229.375,241755,0.0,0.0,2024-11-22,15:29:00,229.23485107421874,229.08889873997532
229.3699951171875,229.38999938964844,229.30999755859372,229.38999938964844,71508,0.0,0.0,2024-11-22,15:30:00,229.2528503417969,229.33631719042702
229.3699951171875,229.3999938964844,229.34249877929688,229.3999938964844,61843,0.0,0.0,2024-11-22,15:31:00,229.2718490600586,229.36995253026828
229.4600067138672,229.6100006103516,229.4499969482422,229.58990478515625,71593,0.0,0.0,2024-11-22,15:32:00,229.31633911132812,229.57353729306595
229.5800018310547,229.63999938964844,229.5449981689453,229.6300048828125,44680,0.0,0.0,2024-11-22,15:33:00,229.3713394165039,229.59810561514195
229.6199951171875,229.6750030517578,229.5901031494141,229.6699981689453,73452,0.0,0.0,2024-11-22,15:34:00,229.42833862304687,229.63795226287885
229.68499755859372,229.72000122070312,229.6345977783203,229.71609497070312,52146,0.0,0.0,2024-11-22,15:35:00,229.4769485473633,229.67018987121406
229.7100067138672,229.74989318847656,229.60009765625,229.6300048828125,88873,0.0,0.0,2024-11-22,15:36:00,229.5088897705078,229.65341762642723
229.6300048828125,229.6300048828125,229.52999877929688,229.53030395507807,50925,0.0,0.0,2024-11-22,15:37:00,229.52891998291017,229.54869875995422
229.53829956054688,229.72999572753903,229.47999572753903,229.7100067138672,183146,0.0,0.0,2024-11-22,15:38:00,229.5641311645508,229.65102271956178
229.7100067138672,229.7100067138672,229.4499969482422,229.50010681152344,70811,0.0,0.0,2024-11-22,15:39:00,229.57664184570314,229.50495200814743
229.5249938964844,229.57000732421875,229.47000122070312,229.5449981689453,38142,0.0,0.0,2024-11-22,15:40:00,229.5921417236328,229.51788409569676
229.5301055908203,229.56500244140625,229.4900054931641,229.4900054931641,41329,0.0,0.0,2024-11-22,15:41:00,229.60114288330078,229.52602276220895
229.49839782714844,229.5399932861328,229.4750061035156,229.47999572753903,41477,0.0,0.0,2024-11-22,15:42:00,229.59015197753905,229.5130397096682
229.47999572753903,229.53829956054688,229.45050048828125,229.5200042724609,48393,0.0,0.0,2024-11-22,15:43:00,229.57915191650386,229.5040206220922
229.52200317382807,229.5370941162109,229.42999267578125,229.5050048828125,50998,0.0,0.0,2024-11-22,15:44:00,229.56265258789057,229.46098980678136
229.51730346679688,229.5399932861328,229.43499755859372,229.51499938964844,36227,0.0,0.0,2024-11-22,15:45:00,229.54254302978512,229.47001576639292
229.53500366210935,229.53990173339844,229.4600067138672,229.4900054931641,62736,0.0,0.0,2024-11-22,15:46:00,229.5285430908203,229.47806948038195
229.4900054931641,229.4900054931641,229.4199981689453,229.4600067138672,57920,0.0,0.0,2024-11-22,15:47:00,229.52151336669922,229.43322431456568
229.4694976806641,229.4694976806641,229.3600006103516,229.37579345703125,87767,0.0,0.0,2024-11-22,15:48:00,229.48809204101562,229.38212237987284
229.3699951171875,229.3999938964844,229.32000732421875,229.33999633789065,52696,0.0,0.0,2024-11-22,15:49:00,229.47208099365236,229.35459408928628
229.3699951171875,229.44000244140625,229.3300018310547,229.41000366210935,169634,0.0,0.0,2024-11-22,15:50:00,229.45858154296874,229.39555411504676
229.41000366210935,229.6616058349609,229.3999938964844,229.6616058349609,99490,0.0,0.0,2024-11-22,15:51:00,229.4757415771484,229.61079509386693
229.66000366210935,229.7100067138672,229.47999572753903,229.66000366210935,99584,0.0,0.0,2024-11-22,15:52:00,229.49374237060547,229.5582260089837
229.6699981689453,229.8000030517578,229.6150054931641,229.72000122070312,95515,0.0,0.0,2024-11-22,15:53:00,229.51374206542968,229.73177402059338
229.72000122070312,229.83999633789065,229.4850006103516,229.82009887695312,187134,0.0,0.0,2024-11-22,15:54:00,229.54525146484374,229.63427332513504
229.8500061035156,230.1499938964844,229.75999450683597,229.8500061035156,674974,0.0,0.0,2024-11-22,15:55:00,229.57875213623046,230.02526083309965
229.85499572753903,229.9600067138672,229.82000732421875,229.88999938964844,140462,0.0,0.0,2024-11-22,15:56:00,229.6187515258789,229.91024501459762
229.8999938964844,230.0500030517578,229.88999938964844,230.0050048828125,161768,0.0,0.0,2024-11-22,15:57:00,229.67325134277343,230.01227349139842
230.00010681152344,230.07000732421875,229.92999267578125,230.0200042724609,340048,0.0,0.0,2024-11-22,15:58:00,229.7376724243164,229.99819350184157
230.01499938964844,230.02999877929688,229.69000244140625,229.75999450683597,1090268,0.0,0.0,2024-11-22,15:59:00,229.7796722412109,229.76978598365875
